QPU/Config,Brightness,Transmittance,RMSE
ascella,0.1033,0.244,0.18327928431262533
belenos,0.2379,0.534,0.18338263705626345
ideal,1.0,1.0,0.19200323995674404
