QPU/Config,Brightness,Transmittance,RMSE,Time_s
ascella,0.1033,0.244,0.18327928431262533,77.0701150894165
belenos,0.2311,0.525,0.1842496940659263,75.09904456138611
ideal,1.0,1.0,0.19200323995674404,44.562172651290894
