QPU/Config,Brightness,Transmittance,RMSE,Time_s
ascella,0.4,0.0718,0.18057550050993254,6.9048168659210205
belenos,0.4,0.1515,0.17721791082742505,6.654790639877319
ideal,1.0,1.0,0.18409535691170772,6.8034069538116455
