QPU/Config,Brightness,Transmittance,RMSE,Time_s
ascella,0.1033,0.244,0.18327928431262533,79.79871654510498
belenos,0.2345,0.523,0.1833198589260002,80.52632188796997
ideal,1.0,1.0,0.19200323995674404,45.23595118522644
