QPU/Config,Brightness,Transmittance,RMSE,Time_s
ascella,0.1033,0.244,0.18327928431262533,86.65986156463623
belenos,0.2337,0.52,0.1841539702760664,97.1233582496643
ideal,1.0,1.0,0.19200323995674404,44.79070234298706
