QPU/Config,Brightness,Transmittance,RMSE,Time_s
ascella,0.1033,0.244,0.18327928431262533,110.17694234848022
belenos,0.2419,0.528,0.18307085727362662,97.24704027175903
ideal,1.0,1.0,0.19200323995674404,56.56400442123413
