QPU/Config,Brightness,Transmittance,RMSE,Time_s
ascella,0.1033,0.244,0.18543189024556106,33.608684062957764
belenos,0.2309,0.509,0.19069846454451606,34.036808490753174
ideal,1.0,1.0,0.18740350318876034,32.292699098587036
