QPU/Config,Brightness,Transmittance,RMSE,Time_s
ascella,0.4,0.0718,0.18540218383548765,16.76448369026184
belenos,0.4,0.1482,0.18676725649338496,18.308552503585815
ideal,1.0,1.0,0.18740350318876034,16.077888011932373
